[
    {
        "model": "auth.user",
        "pk": 1,
        "fields": {
            "username": "system",
            "is_staff": true,
            "is_superuser": true
        }
    },
    {
        "model": "main.company",
        "pk": 1,
        "fields": {
            "name": "HelloWorld Company",
            "created_at": "2024-12-01T00:00:00Z"
        }
    },
    {
        "model": "main.product",
        "pk": 1,
        "fields": {
            "name": "Sample Product",
            "price": "99.99",
            "company": 1
        }
    }
]
